First Name,Last Name,Age,Email,Gender,Shirt Size
Joseph,Bowen,47,vkline@hotmail.com,Female,XS
Angela,Zimmerman,29,tracy45@yahoo.com,Female,S
Michelle,Williams,35,courtney71@martin-james.com,Male,XL
Wesley,Barnes,43,crystal63@mcdaniel-reynolds.com,Male,XS
Kyle,Stone,37,iking@perez.org,Other,M
David,Silva,34,yjoyce@cobb.com,Male,M
David,Gilbert,62,austinscott@miller.com,Other,XS
Rebecca,Lee,50,wolfjudy@brown.com,Other,XXL
Sarah,Miller,46,dariuspayne@yahoo.com,Female,XL
Michael,Martinez,61,debbiesmith@gmail.com,Male,XS
Jeremy,Mcbride,62,qnelson@yahoo.com,Other,XXL
Paul,Nolan,47,jeffgibson@williamson.biz,Other,S
Kathy,Hayes,20,cookamber@hotmail.com,Other,M
Calvin,Gross,45,fieldscarlos@yahoo.com,Other,XL
Christina,Bass,54,kwilliams@santos.biz,Female,M
Patricia,Watkins,59,bradfordmisty@kelley.com,Other,M
Kristine,Maynard,25,tcollins@hotmail.com,Male,XL
David,Hahn,61,fthompson@gmail.com,Other,XS
Nichole,Hays,24,jennajones@hotmail.com,Female,XL
Rickey,Brock,20,maria46@horton-wilson.com,Other,XL
Kendra,Harper,55,jlove@ortiz.info,Other,XL
William,Perez,43,philipgriffin@snyder.net,Male,XS
Cristina,Lyons,50,kjordan@reed.com,Other,XS
David,Sherman,19,rmoreno@liu.net,Female,XXL
Brian,James,19,ibarraalyssa@howe-bradley.com,Male,S
Ernest,Marquez,49,josephparker@gmail.com,Male,XS
William,Castillo,19,anthonyrosales@williams-beasley.net,Male,S
Kristina,Perez,56,michael29@hotmail.com,Male,XXL
Christian,Thompson,27,wardjohn@gmail.com,Female,S
Denise,Nicholson,26,kerry67@perkins.com,Male,L
Nicole,Shea,30,jacobsmith@walker.biz,Male,M
Patrick,Robles,42,james05@gmail.com,Other,XXL
Ashley,Ochoa,26,pricejessica@robinson.com,Other,M
Abigail,Gutierrez,64,carolyn99@hotmail.com,Female,XL
Paula,Stevens,44,powellwesley@hayes-miller.info,Male,L
Laura,Miller,34,zwarner@henderson.com,Male,M
Jacqueline,Salazar,19,hannahgarza@marshall.com,Male,XL
Danny,Banks,55,melissaduncan@hotmail.com,Other,M
Joe,Lewis,25,xgomez@yahoo.com,Female,XXL
Corey,Bradley,38,jason07@gmail.com,Male,XL
David,Moore,28,annetteshaw@dalton.com,Male,S
Dana,Cooley,62,clairedennis@yahoo.com,Male,S
Sheri,Clark,45,richard98@miller-scott.com,Female,L
Jasmine,Hughes,35,andrea24@myers-green.com,Other,XXL
Matthew,Murillo,30,shanemartin@yahoo.com,Female,XXL
Gloria,Frye,42,dominiquefrey@tucker.info,Other,XS
Renee,Torres,55,butlermaurice@koch-beasley.com,Male,XS
Lauren,Maldonado,50,reedcatherine@davis.com,Other,XL
Walter,Rogers,19,watersjacob@carroll-good.com,Female,XXL
Jennifer,Walker,40,alleneric@hotmail.com,Other,M
